<?xml version="1.0" encoding="UTF-8"?>
<metadata xml:lang="es"><Esri><CreaDate>20200810</CreaDate><CreaTime>20033400</CreaTime><ArcGISFormat>1.0</ArcGISFormat><SyncOnce>TRUE</SyncOnce><DataProperties><lineage><Process ToolSource="c:\program files (x86)\arcgis\desktop10.2\ArcToolbox\Toolboxes\Data Management Tools.tbx\CalculateField" Date="20200810" Time="200334">CalculateField autocorrelacion SUP_DEF [ha_1] VB #</Process><Process ToolSource="c:\program files (x86)\arcgis\desktop10.2\ArcToolbox\Toolboxes\Data Management Tools.tbx\CalculateField" Date="20200810" Time="200417">CalculateField autocorrelacion SUP_DEG [sup_degrad] VB #</Process><Process ToolSource="c:\program files (x86)\arcgis\desktop10.2\ArcToolbox\Toolboxes\Data Management Tools.tbx\CalculateField" Date="20200810" Time="200543">CalculateField autocorrelacion SUP_SUM [ha_1] VB #</Process><Process ToolSource="c:\program files (x86)\arcgis\desktop10.2\ArcToolbox\Toolboxes\Data Management Tools.tbx\CalculateField" Date="20200810" Time="200621">CalculateField autocorrelacion SUP_DEF [defor_sol] VB #</Process><Process ToolSource="c:\program files (x86)\arcgis\desktop10.2\ArcToolbox\Toolboxes\Data Management Tools.tbx\CalculateField" Date="20200810" Time="200702">CalculateField autocorrelacion SUP_DEG [sup_degrad] VB #</Process></lineage></DataProperties></Esri></metadata>
