<PAMDataset>
  <Metadata domain="Esri">
    <MDI key="PyramidResamplingType">NEAREST</MDI>
  </Metadata>
  <PAMRasterBand band="1">
    <Description>Layer_1</Description>
    <Histograms>
      <HistItem>
        <HistMin>-0.5</HistMin>
        <HistMax>7.5</HistMax>
        <BucketCount>8</BucketCount>
        <IncludeOutOfRange>1</IncludeOutOfRange>
        <Approximate>0</Approximate>
        <HistCounts>0|5184|1152|1694|250769|463369|285603|2980</HistCounts>
      </HistItem>
    </Histograms>
    <GDALRasterAttributeTable>
      <FieldDefn index="0">
        <Name>OBJECTID</Name>
        <Type>0</Type>
        <Usage>0</Usage>
      </FieldDefn>
      <FieldDefn index="1">
        <Name>Value</Name>
        <Type>0</Type>
        <Usage>0</Usage>
      </FieldDefn>
      <FieldDefn index="2">
        <Name>Count</Name>
        <Type>1</Type>
        <Usage>0</Usage>
      </FieldDefn>
      <Row index="0">
        <F>1</F>
        <F>1</F>
        <F>5184</F>
      </Row>
      <Row index="1">
        <F>2</F>
        <F>2</F>
        <F>1152</F>
      </Row>
      <Row index="2">
        <F>3</F>
        <F>3</F>
        <F>1694</F>
      </Row>
      <Row index="3">
        <F>4</F>
        <F>4</F>
        <F>250769</F>
      </Row>
      <Row index="4">
        <F>5</F>
        <F>5</F>
        <F>463369</F>
      </Row>
      <Row index="5">
        <F>6</F>
        <F>6</F>
        <F>285603</F>
      </Row>
      <Row index="6">
        <F>7</F>
        <F>7</F>
        <F>2980</F>
      </Row>
    </GDALRasterAttributeTable>
    <Metadata>
      <MDI key="LAYER_TYPE">athematic</MDI>
      <MDI key="STATISTICS_MINIMUM">1</MDI>
      <MDI key="STATISTICS_MAXIMUM">7</MDI>
      <MDI key="STATISTICS_MEAN">5.0130734473674</MDI>
      <MDI key="STATISTICS_STDDEV">0.80082028652186</MDI>
      <MDI key="STATISTICS_SKIPFACTORX">1</MDI>
      <MDI key="STATISTICS_SKIPFACTORY">1</MDI>
      <MDI key="STATISTICS_EXCLUDEDVALUES"></MDI>
      <MDI key="STATISTICS_COVARIANCES">0.641313131304958</MDI>
    </Metadata>
  </PAMRasterBand>
</PAMDataset>
